<?xml version="1.0" encoding="UTF-8"?>
<project-private xmlns="http://www.netbeans.org/ns/project-private/1">
    <editor-bookmarks xmlns="http://www.netbeans.org/ns/editor-bookmarks/2" lastBookmarkId="0"/>
    <open-files xmlns="http://www.netbeans.org/ns/projectui-open-files/2">
        <group>
            <file>file:/C:/Users/Infraestructura/Documents/NetBeansProjects/MVC_Constancia/src/mvc_constancia/repositorioAlumno.java</file>
            <file>file:/C:/Users/Infraestructura/Documents/NetBeansProjects/MVC_Constancia/src/mvc_constancia/controladorConstancia.java</file>
            <file>file:/C:/Users/Infraestructura/Documents/NetBeansProjects/MVC_Constancia/src/mvc_constancia/MVC_Constancia.java</file>
            <file>file:/C:/Users/Infraestructura/Documents/NetBeansProjects/MVC_Constancia/src/mvc_constancia/Alumno.java</file>
            <file>file:/C:/Users/Infraestructura/Documents/NetBeansProjects/MVC_Constancia/src/mvc_constancia/vistaConstancia.java</file>
        </group>
    </open-files>
</project-private>
