<?xml version="1.0" encoding="UTF-8"?>
<project-private xmlns="http://www.netbeans.org/ns/project-private/1">
    <editor-bookmarks xmlns="http://www.netbeans.org/ns/editor-bookmarks/2" lastBookmarkId="0"/>
    <open-files xmlns="http://www.netbeans.org/ns/projectui-open-files/2">
        <group>
            <file>file:/C:/Users/javie/OneDrive/Documentos/NetBeansProjects/pruebaRaicesFunciones/src/implementaciones/RaicesFunciones.java</file>
            <file>file:/C:/Users/javie/OneDrive/Documentos/NetBeansProjects/pruebaRaicesFunciones/src/pruebas/PruebaRaicesFunciones.java</file>
            <file>file:/C:/Users/javie/OneDrive/Documentos/NetBeansProjects/pruebaRaicesFunciones/src/implementaciones/frmRaices.java</file>
        </group>
    </open-files>
</project-private>
