<?xml version="1.0" encoding="UTF-8"?>
<project-private xmlns="http://www.netbeans.org/ns/project-private/1">
    <editor-bookmarks xmlns="http://www.netbeans.org/ns/editor-bookmarks/2" lastBookmarkId="0"/>
    <open-files xmlns="http://www.netbeans.org/ns/projectui-open-files/2">
        <group>
            <file>file:/C:/Users/Infraestructura/Documents/NetBeansProjects/MVC_Taller/src/mvc_taller/taller.java</file>
            <file>file:/C:/Users/Infraestructura/Documents/NetBeansProjects/MVC_Taller/src/mvc_taller/MVC_Taller.java</file>
            <file>file:/C:/Users/Infraestructura/Documents/NetBeansProjects/MVC_Taller/src/mvc_taller/vistaTaller.java</file>
            <file>file:/C:/Users/Infraestructura/Documents/NetBeansProjects/MVC_Taller/src/mvc_taller/alumno.java</file>
            <file>file:/C:/Users/Infraestructura/Documents/NetBeansProjects/MVC_Taller/src/mvc_taller/repositorio.java</file>
            <file>file:/C:/Users/Infraestructura/Documents/NetBeansProjects/MVC_Taller/src/mvc_taller/controlador.java</file>
        </group>
    </open-files>
</project-private>
